category,expert_median_points,weight_normalized,expert_mean,expert_std,expert_cv
dependency,24.0,0.24,24.0,0.0,0.0
selectivity,18.0,0.18,17.79,0.5737524894864676,0.032251404692887446
tractability,16.0,0.16,16.1,1.087114613009218,0.06752264677075888
synthetic_lethality,12.0,0.12,12.25,0.5573204290227131,0.04549554522634392
therapeutic_window,12.0,0.12,11.7,1.0200019805882932,0.08717965646053788
tumor_specificity,11.0,0.11,11.15,0.701729465267237,0.06293537805087328
tumor_enrichment,7.000000000000001,0.07,7.01,0.6434597143880914,0.09179168536206725
