category,expert_median,expert_mean,expert_std,nonexpert_median,nonexpert_mean,nonexpert_std,delta,mw_p
dependency,24.0,24.0,0.0,22.0,21.92,0.3938927711338647,2.0,2.315871675011333e-44
selectivity,18.0,17.79,0.5737524894864676,15.0,15.25,0.6871842709362768,3.0,2.0861868997411168e-36
synthetic_lethality,12.0,12.25,0.5573204290227131,12.0,11.99,0.2245084417211086,0.0,1.4684014215387296e-05
tumor_specificity,11.0,11.15,0.701729465267237,18.0,17.82,0.5574110428643038,-7.0,2.155559436731822e-38
tumor_enrichment,7.000000000000001,7.01,0.6434597143880914,15.0,14.91,0.4286459771622419,-7.999999999999999,1.0041197348403538e-37
therapeutic_window,12.0,11.7,1.0200019805882932,10.0,10.22,0.6289320754704403,2.0,5.253942929835566e-22
tractability,16.0,16.1,1.087114613009218,8.0,7.89,0.34509550720185994,8.0,3.325399140212994e-38
